"job_location","min_salary","max_salary","number_of_job_postings","average_salary","number_of_senior_positions"
"Foster City, CA","65000.0","255000.0","11","158322.7","4"
"Tulsa, OK","77150.0","116950.0","2","97050.0","0"
"Bentonville, VA","90000.0","90000.0","1","90000.0","0"
"Portugal","157500.0","158938.0","2","158219.0","0"
"Cottonwood Heights, UT","138000.0","138000.0","2","138000.0","0"
"Salt Lake City, UT","75000.0","205000.0","13","135236.5","4"
"Dodgeville, WI","375000.0","375000.0","1","375000.0","0"
"Berkeley Heights, NJ","89150.0","89150.0","1","89150.0","0"
"Geneva, Switzerland","64821.5","157500.0","4","95355.4","0"
"SUBN MD FAC, MD","150000.0","150000.0","1","150000.0","0"
"Hopkinton, MA","125000.0","125000.0","1","125000.0","1"
"Adger, AL","112500.5","112500.5","1","112500.5","0"
"Bon Air, VA","100000.0","100000.0","1","100000.0","0"
"Houma, LA","106926.5","106926.5","1","106926.5","0"
"Charleston, SC","80500.0","145000.0","3","109333.3","1"
"Kolding, Denmark","105650.0","109500.0","2","107575.0","0"
"Euless, TX","112025.0","112025.0","1","112025.0","1"
"Milan, IL","125000.0","125000.0","1","125000.0","0"
"Patuxent River, MD","157934.0","165000.0","2","161467.0","0"
"Horsham, PA","124500.0","124500.0","1","124500.0","0"
"Henderson, NV","150000.0","150000.0","1","150000.0","0"
"Patuxent, MD","94199.0","132368.0","3","119645.0","0"
"Harrisburg, PA","86940.0","172000.0","3","140146.7","0"
"San Vendemiano, Province of Treviso, Italy","157500.0","157500.0","1","157500.0","0"
"Rosslyn, VA","112000.0","112000.0","1","112000.0","0"
"Brooklyn, MI","150000.0","150000.0","1","150000.0","0"
"Wellesley, MA","105000.0","152000.0","7","116035.7","1"
"Westlake, TX","111000.0","174259.0","6","141861.4","1"
"Fort Worth, TX","59480.0","375000.0","10","159595.5","2"
"Fort Washington, MD","120000.5","120000.5","1","120000.5","0"
"Des Peres, MO","177885.5","177885.5","1","177885.5","1"
"Xinyi District, Taipei City, Taiwan","31274.0","31274.0","1","31274.0","0"
"Des Moines, IA","115000.0","190000.0","8","138496.9","0"
"İstanbul, Türkiye","47370.0","88128.0","5","69899.6","1"
"Seoul, South Korea","69962.5","172000.0","5","101202.5","2"
"Carmel, IN","51000.0","51000.0","1","51000.0","0"
"San Donato Milanese, Metropolitan City of Milan, Italy","56700.0","139000.0","2","97850.0","0"
"Sioux Falls, SD","114000.0","114000.0","1","114000.0","0"
"Medellín, Medellin, Antioquia, Colombia","79200.0","79200.0","1","79200.0","1"
"Stafford, VA","119550.0","119550.0","1","119550.0","0"
"Franklin, TN","100000.0","100000.0","1","100000.0","0"
"West McLean, VA","90000.0","90000.0","1","90000.0","1"
"Lehi, UT","90000.0","157500.0","3","124166.7","1"
"Lviv, Lviv Oblast, Ukraine","132500.0","157500.0","2","145000.0","1"
"Fort Bragg, NC","69962.5","375000.0","4","172990.6","0"
"Richmond, CA","90000.0","90000.0","1","90000.0","0"
"Eagan, TN","375000.0","375000.0","1","375000.0","0"
"Malvern, PA","125000.0","125000.0","1","125000.0","1"
"Collierville, TN","103128.0","103128.0","1","103128.0","0"
"India","43200.0","204381.0","26","145250.6","8"
"Macon, GA","149946.5","149946.5","1","149946.5","0"
"Solna, Sweden","157500.0","157500.0","1","157500.0","0"
"Tempe, AZ","125000.0","138500.0","4","135125.0","1"
"Utrecht, Netherlands","109500.0","109500.0","1","109500.0","0"
"Biloxi, MS","115000.0","152650.0","2","133825.0","0"
"Alameda, CA","90000.0","204000.0","7","159928.6","3"
"Stamford, CT","70000.0","175000.0","8","123437.5","0"
"Mableton, GA","115000.0","115000.0","1","115000.0","0"
"Lake Forest, CA","90000.0","155000.0","3","133333.3","1"
"Remote, OR","75000.0","202000.0","6","142000.0","3"
"Auckland, New Zealand","109500.0","166419.5","3","144473.2","1"
"Jessup, MD","222589.0","222589.0","1","222589.0","1"
"BOWLING GREEN, NY","87761.0","87761.0","1","87761.0","0"
"Leinfelden-Echterdingen, Germany","157500.0","157500.0","1","157500.0","0"
"Pensacola, FL","88128.0","136400.0","19","119243.2","0"
"South Jakarta, South Jakarta City, Jakarta, Indonesia","90670.0","90670.0","1","90670.0","0"
"Paramus, NJ","112500.0","142500.0","2","127500.0","2"
"Buckhead, GA","115000.0","254500.0","4","183875.0","1"
"Hudson, NY","150000.0","150000.0","1","150000.0","1"
"Fort Belvoir, VA","88250.0","165000.0","8","128083.1","1"
"Espoo, Finland","88128.0","88128.0","1","88128.0","1"
"Montreal, MO","126268.0","126268.0","1","126268.0","1"
"Glendale, CO","192500.0","192500.0","1","192500.0","1"
"Merrifield, VA","109500.0","146000.0","4","134475.0","0"
"Timișoara, Romania","80850.0","147500.0","2","114175.0","0"
"Waukegan, IL","125000.0","125000.0","2","125000.0","1"
"Clayton, IN","90000.0","90000.0","1","90000.0","0"
"Thousand Oaks, CA","90000.0","190877.0","4","149416.4","1"
"Fayetteville, NC","95000.0","152700.0","5","114540.0","2"
"North Olmsted, OH","160000.0","187500.0","4","168125.0","3"
"Dresden, Germany","89100.0","89100.0","1","89100.0","1"
"Springfield, IL","100000.0","233000.0","2","166500.0","0"
"Lancy, Switzerland","89100.0","89100.0","1","89100.0","1"
"Rogers, AR","42500.0","42500.0","1","42500.0","0"
"Canada, KY","108415.5","125000.0","2","116707.8","1"
"Pleasant Hill, CA","221875.0","221875.0","1","221875.0","0"
"Montreal, QC, Canada","90000.0","125000.0","3","104716.7","1"
"Enkhuizen, Netherlands","157500.0","157500.0","1","157500.0","0"
"Amman, Jordan","62692.0","70000.0","2","66346.0","0"
"Tallahassee, FL","72870.0","233000.0","7","145863.5","0"
"Lisle, IL","90000.0","150000.0","2","120000.0","1"
"Buckeye, AZ","98000.0","98000.0","1","98000.0","0"
"Fes, Morocco","70000.0","70000.0","1","70000.0","0"
"Elk Grove Village, IL","87500.0","116600.0","3","106900.0","2"
"Stuttgart, Germany","56700.0","157500.0","6","132058.3","1"
"Sunnyvale, TX","110000.0","110000.0","1","110000.0","0"
"Charleston, WV","161500.0","161500.0","1","161500.0","0"
"Katy, TX","77500.0","77500.0","2","77500.0","0"
"Stein, Switzerland","69962.5","69962.5","1","69962.5","0"
"Woodland Hills, CA","125000.0","125000.0","1","125000.0","0"
"Greenwich, CT","77500.0","165000.0","5","134500.0","0"
"Huntsville, AL","75000.0","214000.0","45","128209.5","7"
"Arlington, TX","86000.0","162500.0","12","113953.1","2"
"Portsmouth, NH","130000.0","130000.0","1","130000.0","0"
"Kansas City, KS","80000.0","80000.0","1","80000.0","0"
"Altamonte Springs, FL","125000.0","125000.0","2","125000.0","1"
"Hoboken, NJ","135000.0","150000.0","3","145000.0","3"
"Collinsville, IL","100000.0","100000.0","1","100000.0","0"
"Bengaluru, Karnataka, India","45000.0","157500.0","52","119918.4","13"
"Louisville, KY","80000.0","165000.0","6","109166.7","0"
"Barcelona, Spain","69962.5","157500.0","8","109754.6","2"
"Greenwood Village, CO","78900.0","153500.0","7","128557.1","0"
"Gurugram, Haryana, India","50400.0","88128.0","4","76464.0","0"
"Detroit, MI","100000.0","150000.0","4","124603.9","1"
"Waukesha, WI","115000.0","115000.0","1","115000.0","0"
"Bodega Bay, CA","123378.0","148464.0","3","136780.7","0"
"Berkeley, CA","103472.0","211255.0","6","137134.2","1"
"Jacksonville Beach, FL","120000.0","120000.0","1","120000.0","0"
"North Grosvenor Dale, CT","118750.0","118750.0","1","118750.0","0"
"Duarte, CA","230000.0","230000.0","1","230000.0","1"
"Renningen, Germany","140904.5","140904.5","1","140904.5","0"
"Greensburg, IN","75000.0","75000.0","1","75000.0","0"
"Abell, MD","166075.0","166075.0","1","166075.0","1"
"New York, NY","66250.0","585000.0","352","159953.2","79"
"Warrensburg, MO","125654.5","125654.5","1","125654.5","0"
"Florida, OH","70000.0","70000.0","2","70000.0","0"
"Fort Liberty, NC","86293.0","115000.0","6","102755.0","0"
"Kentwood, MI","87500.0","87500.0","1","87500.0","0"
"Edison, NJ","180000.0","225000.0","2","202500.0","0"
"Germantown, MD","150000.0","150000.0","1","150000.0","0"
"Blacklick, OH","130000.0","135000.0","2","132500.0","0"
"Florida","103500.0","267875.0","9","146496.2","3"
"Falls Church, VA","95700.0","154000.0","5","114940.0","0"
"Russia","250000.0","320000.0","2","285000.0","0"
"Durham, NC","86000.0","166677.0","14","130496.6","2"
"Lexington, KY","74235.0","157500.0","5","91036.4","1"
"Marengo, IL","222589.0","222589.0","1","222589.0","1"
"Norfolk, VA","73000.0","175000.0","13","117388.5","0"
"Schaumburg, IL","140000.0","140000.0","1","140000.0","0"
"Schertz, TX","80000.0","90000.0","3","86666.7","0"
"Nyack, NY","126268.0","131550.0","2","128909.0","0"
"Temple Hills, MD","123750.0","123750.0","1","123750.0","0"
"Hyderabad, Telangana, India","64800.0","157500.0","15","109734.9","3"
"Florida, MA","70000.0","70000.0","1","70000.0","0"
"Panthersville, GA","128050.0","128050.0","1","128050.0","1"
"Nellis AFB, NV","115000.0","115000.0","1","115000.0","1"
"Manhattan Beach, CA","160000.0","160000.0","1","160000.0","1"
"Myrtle Point, OR","175000.0","175000.0","1","175000.0","0"
"Santa Clara, UT","68500.0","68500.0","1","68500.0","0"
"Ann Arbor, MI","65500.0","180000.0","8","110228.5","0"
"Winston-Salem, NC","83200.0","83750.0","3","83383.3","0"
"Golspie, UK","111500.0","111500.0","1","111500.0","0"
"La Plata, MD","165000.0","165000.0","1","165000.0","0"
"Biñan, Laguna, Philippines","69962.5","69962.5","2","69962.5","0"
"Taiwan","86399.5","157500.0","3","111523.2","0"
"San Jose, CA","68000.0","375000.0","110","187293.1","32"
"Toronto, OH","90000.0","350000.0","18","133916.4","1"
"Darien, CT","150000.0","150000.0","1","150000.0","0"
"Herndon, VA","66500.0","190000.0","30","130577.2","5"
"Los Alamos, NM","115000.0","160000.0","3","130464.3","0"
"West Miami, FL","100000.0","100000.0","1","100000.0","0"
"Kalamazoo, MI","63000.0","63000.0","1","63000.0","0"
"Lakewood, CO","46696.0","143000.0","3","99601.0","1"
"Cambridge, UK","80850.0","205000.0","4","134539.4","0"
"Sandy Springs, SC","150000.0","150000.0","1","150000.0","0"
"Erlanger, KY","85000.0","85000.0","1","85000.0","0"
"Morrisville, NC","125000.0","125000.0","1","125000.0","0"
"Syracuse, NY","95500.0","95500.0","1","95500.0","1"
"East Peoria, IL","125000.0","125000.0","1","125000.0","1"
"Columbia, MO","90000.0","90000.0","1","90000.0","1"
"Atlanta, GA   (+52 others)","128464.0","128464.0","1","128464.0","0"
"Fairview Heights, IL","57118.0","57118.0","1","57118.0","0"
"Cape Town, South Africa","69300.0","69300.0","1","69300.0","0"
"Wilmington, MA","157500.0","375000.0","2","266250.0","1"
"East St Louis, IL","35000.0","35000.0","1","35000.0","0"
"North Reading, MA","69962.5","69962.5","1","69962.5","0"
"El Dorado Hills, CA","150000.0","150000.0","1","150000.0","0"
"Mountain View, CA","90670.0","350000.0","100","202512.9","15"
"Ukraine","43200.0","157500.0","2","100350.0","0"
"Springdale, AR","87000.0","87000.0","1","87000.0","0"
"Wilmington, NC","80000.0","135144.5","3","105048.2","1"
"Santa Clara, CA","90000.0","375000.0","21","163274.1","6"
"Chiasso, Switzerland","172500.0","172500.0","1","172500.0","1"
"North Charleston, SC","98496.0","149946.5","2","124221.3","0"
"Indianapolis, IN","54423.203125","150000.0","18","95546.3","1"
"Monroe, OH","90000.0","90000.0","1","90000.0","0"
"Boulder, CO","115000.0","201000.0","5","139200.0","0"
"Chelmsford, MA","175000.0","175000.0","1","175000.0","0"
"Santiago, Chile","64800.0","157500.0","3","103476.0","0"
"Minnetonka, MN","100400.0","126000.0","3","113800.0","2"
"Lusaka, Zambia","90670.0","90670.0","1","90670.0","0"
"Davis, CA","107800.0","151650.0","5","140950.0","0"
"Lanham, MD","80025.0","135000.0","3","108175.0","0"
"Lisbon, Portugal","70000.0","166419.5","14","139844.8","6"
"Docklands VIC, Australia","139216.0","139216.0","1","139216.0","0"
"Los Angeles, CA","42360.0","300000.0","98","159174.2","25"
"Missouri City, MO","110000.0","110000.0","1","110000.0","0"
"Japan","79200.0","212000.0","7","148957.1","3"
"Zürich, Switzerland","72000.0","170575.0","6","121115.3","1"
"Fort Meade, FL","125000.0","165500.0","2","145250.0","1"
"Lille, France","72900.0","72900.0","1","72900.0","0"
"Virginia","99714.0","255000.0","29","126753.4","0"
"Brussels, Belgium","56700.0","157500.0","9","104484.0","2"
"Brest, France","89100.0","89100.0","1","89100.0","0"
"Offutt AFB, NE","99358.0","145500.0","6","119829.5","0"
"Broomfield, CO","87500.0","175000.0","3","117666.7","0"
"Morgantown, WV","88393.5","135000.0","3","103929.0","1"
"Gothenburg, Sweden","90670.0","90670.0","1","90670.0","0"
"Texas   (+2 others)","166003.5","166003.5","1","166003.5","0"
"Illinois City, IL","70000.0","125000.0","2","97500.0","0"
"Montevideo, MN","81311.5","81311.5","1","81311.5","0"
"Lenexa, KS","177283.0","177283.0","1","177283.0","0"
"Burlington, NC","125000.0","125000.0","1","125000.0","1"
"Fort Meade, MD","90670.0","165000.0","15","131582.2","0"
"Morton, IL","90000.0","175000.0","3","125000.0","0"
"Houston, MN","174667.5","174667.5","1","174667.5","0"
"Carmichael, CA","151521.5","151521.5","1","151521.5","1"
"California","83850.0","225000.0","14","131526.2","2"
"Bridgewater, NJ","125000.0","125000.0","1","125000.0","0"
"Boston, MA","57500.0","258000.0","75","145810.8","20"
"Dayton, AL","120000.0","120000.0","1","120000.0","0"
"Brooklyn Park, MN","55000.0","176273.5","4","132586.8","1"
"Wellington, New Zealand","79200.0","79200.0","1","79200.0","1"
"Ballerup, Denmark","131560.0","166419.5","2","148989.8","0"
"Albany, NY","95000.0","172500.0","6","137093.8","2"
"Bronx, NY","217500.0","217500.0","1","217500.0","0"
"Austin, TX","47858.0","375000.0","96","147789.2","21"
"Aberdeen Proving Ground, MD","100000.0","160000.0","2","130000.0","0"
"Melbourne, FL","78300.0","154000.0","5","130260.0","2"
"Bratislava, Slovakia","72900.0","90000.0","3","84000.0","1"
"Thessaloniki, Greece","157500.0","157500.0","1","157500.0","1"
"San Pedro Garza García, Nuevo Leon, Mexico","88128.0","157500.0","3","114926.0","0"
"Manchester, NH","162500.0","172500.0","3","169166.7","0"
"Tampa, FL","50000.0","209000.0","50","118649.2","8"
"Gilbert, AZ","90670.0","135519.0","3","115396.3","1"
"Colombo, Sri Lanka","64800.0","157500.0","3","104323.3","0"
"Israel","79200.0","109500.0","2","94350.0","1"
"Budapest, Hungary","56700.0","157500.0","12","98718.8","1"
"Carson City, NV","170000.0","186000.0","2","178000.0","1"
"Cyprus","191000.0","191000.0","1","191000.0","0"
"Vadodara, Gujarat, India","79200.0","79200.0","2","79200.0","1"
"Culver City, CA","150000.0","171500.0","3","163166.7","1"
"San Antonio, TX","65250.0","375000.0","25","132793.9","2"
"Gainesville, FL","82500.0","105000.0","6","93750.0","0"
"Chesterfield, MO","125000.0","125000.0","1","125000.0","1"
"Bentonville, AR","70000.0","254000.0","25","145607.1","8"
"Winona, MN","90000.0","90000.0","1","90000.0","1"
"Saranac Lake, NY","149946.5","149946.5","1","149946.5","0"
"Montgomery County, MD","132368.0","132368.0","1","132368.0","0"
"Coraopolis, PA","129688.0","135000.0","2","132344.0","1"
"Ljubljana, Slovenia","157500.0","157500.0","1","157500.0","1"
"Wentzville, MO","77500.0","95000.0","2","86250.0","0"
"Dearing, KS","174000.0","174000.0","1","174000.0","1"
"New Brunswick, NJ","80000.0","150000.0","2","115000.0","0"
"Orange Park, FL","151950.0","151950.0","1","151950.0","0"
"Clearfield, UT","90000.0","154000.0","23","122665.2","6"
"Chicago, IL","37500.0","350000.0","82","137303.5","21"
"O'Fallon, MO","110000.0","150000.0","3","133333.3","0"
"The Bronx, NY","100000.0","100000.0","1","100000.0","0"
"Toronto, ON, Canada","90000.0","350000.0","22","129610.9","9"
"Woodlawn, MD","88128.0","120000.0","2","104064.0","0"
"North Chicago, IL","93049.5","175000.0","4","122858.3","1"
"Miami, FL","43000.0","175000.0","17","108713.2","2"
"Irvine, CA","52500.0","212500.0","16","145358.5","4"
"Antwerp, Belgium","89100.0","89100.0","1","89100.0","1"
"California City, CA","80025.0","450000.0","3","255841.7","0"
"Richfield, MN","131750.0","131750.0","1","131750.0","0"
"Hanover, MD","62400.0","165000.0","3","117466.7","0"
"Warsaw, Poland","43200.0","157500.0","19","115784.3","4"
"Great Neck, NY","80000.0","82500.0","2","81250.0","0"
"United States","33488.5","351500.0","277","147853.4","73"
"Decatur, IL","92470.0","92470.0","1","92470.0","0"
"Vaughan, ON, Canada","125000.0","125000.0","1","125000.0","1"
"Livermore, CA","145476.0","173500.0","3","164158.7","0"
"Natick, MA","142045.0","142045.0","1","142045.0","0"
"Fort Wayne, IN","100000.0","100000.0","1","100000.0","0"
"Stanford, CA","155500.0","187500.0","2","171500.0","1"
"Green Bay, WI","142500.0","142500.0","1","142500.0","0"
"Mesa, AZ","107000.0","149946.5","5","127989.3","0"
"Bangkok, Thailand","79200.0","172500.0","4","141675.0","2"
"Italy","70000.0","118205.0","4","87083.3","0"
"Milan, Metropolitan City of Milan, Italy","56700.0","157500.0","7","88331.6","3"
"Medford, MA","90000.0","90000.0","1","90000.0","1"
"Buffalo, NY","82200.0","175000.0","5","128540.0","1"
"Roswell, NM","149946.5","152174.5","2","151060.5","0"
"Omaha, NE","100000.0","170000.0","9","133194.4","0"
"Los Angeles, CA (+1 other)","225000.0","225000.0","1","225000.0","0"
"Folsom, CA","114500.0","114500.0","2","114500.0","0"
"Jakarta, Indonesia","50400.0","157500.0","6","100760.5","2"
"Wayzata, MN","90000.0","90000.0","1","90000.0","0"
"Switzerland","89100.0","89100.0","1","89100.0","0"
"Hungary","70000.0","105300.0","3","88133.3","1"
"Newton, MA","140062.5","140062.5","1","140062.5","0"
"Texas City, TX","70000.0","70000.0","1","70000.0","0"
"Cluses, France","69962.5","69962.5","1","69962.5","0"
"El Segundo, CA","88000.0","281070.0","8","144624.3","1"
"Dupo, IL","100000.0","100000.0","1","100000.0","0"
"Eglin AFB, FL","115000.0","115000.0","1","115000.0","1"
"Lahore, Pakistan","157500.0","157500.0","1","157500.0","0"
"Poway, CA","84069.0","134749.0","3","110061.0","0"
"London, OH","150000.0","150000.0","1","150000.0","0"
"Middleton, WI","97500.0","97500.0","1","97500.0","0"
"Tysons, VA","75000.0","192500.0","6","152012.5","1"
"Baltimore, MD","75000.0","198110.0","11","131778.2","4"
"Kentucky","145000.0","145000.0","1","145000.0","0"
"Saint-Sauveur, France","131193.0","157500.0","3","148731.0","0"
"Chesapeake, VA","90000.0","90000.0","1","90000.0","0"
"Slovakia","157500.0","157500.0","1","157500.0","0"
"Frauenfeld, Switzerland","109500.0","109500.0","1","109500.0","0"
"Raleigh, NC","70000.0","210000.0","10","134607.2","1"
"Belcamp, MD","145000.0","145000.0","1","145000.0","0"
"Alexandria, LA","133850.5","135144.5","2","134497.5","1"
"Meinerzhagen, Germany","157500.0","157500.0","1","157500.0","0"
"Golden, CO","80400.0","108800.0","3","91550.0","0"
"Overland Park, KS","88128.0","90000.0","3","89376.0","0"
"Washington, UK","154000.0","154000.0","1","154000.0","0"
"Kraków, Poland","88128.0","162500.0","7","136018.9","1"
"Baldwin Park, CA","90000.0","90000.0","1","90000.0","0"
"Round Rock, TX","107800.0","107800.0","1","107800.0","0"
"Utica, MI","90000.0","90000.0","1","90000.0","0"
"New Castle, PA","126268.0","126268.0","1","126268.0","1"
"Montpellier, France","157500.0","157500.0","1","157500.0","1"
"Madison, SD","960000.0","960000.0","1","960000.0","0"
"Tucson, AZ","70346.0","86870.5","5","78991.3","0"
"Germany","90931.0","171121.0","4","132529.0","1"
"Canada","54907.0","231000.0","19","146336.5","6"
"Providence, RI","172000.0","172000.0","1","172000.0","0"
"Laurel, MD","90000.0","112015.0","3","97338.3","0"
"Greece","89100.0","89100.0","2","89100.0","0"
"Guadalajara, Jalisco, Mexico","90670.0","157500.0","6","144695.0","1"
"Little Rock, AR","216972.0","216972.0","1","216972.0","0"
"San Angelo, TX","149946.5","149946.5","1","149946.5","0"
"Petaling Jaya, Selangor, Malaysia","50400.0","79200.0","11","68542.0","3"
"Glen Allen, VA","90000.0","125000.0","2","107500.0","1"
"Massachusetts","140000.0","140000.0","1","140000.0","0"
"Duncanville, TX","110000.0","110000.0","1","110000.0","0"
"Rehovot, Israel","170575.0","170575.0","1","170575.0","0"
"Charlotte, NC","70000.0","375000.0","63","133540.1","18"
"Northbrook, IL","200000.0","200000.0","1","200000.0","0"
"Woonsocket, RI","115000.0","247500.0","6","154583.3","3"
"Dublin, CA","150000.0","165000.0","2","157500.0","0"
"Katowice, Poland","157500.0","157500.0","1","157500.0","1"
"South Carolina","101950.0","101950.0","1","101950.0","0"
"Downers Grove, IL","69962.5","69962.5","1","69962.5","0"
"Saratoga Springs, NY","120000.0","120000.0","1","120000.0","0"
"West Hollywood, CA","64500.0","157500.0","11","103636.4","0"
"France","56700.0","164000.0","7","109307.8","0"
"Hong Kong","50400.0","132500.0","4","94675.0","1"
"Aberdeen, MD","112000.0","160000.0","4","148000.0","0"
"Colorado","130000.0","175000.0","5","142369.8","0"
"Richmond, VA","55000.0","242597.0","14","126764.4","3"
"Coral Gables, FL","61500.0","61500.0","1","61500.0","0"
"Lorton, VA","109500.0","109500.0","1","109500.0","0"
"Smithfield, RI","115000.0","115000.0","1","115000.0","1"
"Joliet, IL","149946.5","149946.5","1","149946.5","0"
"Montrouge, France","50400.0","109500.0","2","79950.0","0"
"Randolph AFB, TX","175000.0","175000.0","1","175000.0","0"
"Gaithersburg, MD","87600.0","90000.0","2","88800.0","0"
"Redwood City, CA","84000.0","224000.0","20","149366.0","8"
"Irving, TX","51862.75","157500.0","44","119523.0","5"
"South Korea","157500.0","157500.0","2","157500.0","0"
"Lorain, OH","135359.34375","135359.34375","1","135359.3","0"
"Scott AFB, IL","107789.5","180000.0","3","152596.5","0"
"Battle Creek, MI","144234.0","144234.0","1","144234.0","0"
"Jefferson City, MO","76839.0","76839.0","1","76839.0","1"
"Memphis, TN","80000.0","190000.0","7","120601.1","0"
"St. Louis, MO","48548.0","200000.0","33","111229.3","5"
"Islamabad, Pakistan","90940.0","157500.0","3","119313.3","1"
"Cambridge, MA (+1 other)","107500.0","107500.0","1","107500.0","1"
"Urbana, IL","96230.5","96230.5","1","96230.5","0"
"Kukës, Albania","69962.5","157500.0","2","113731.3","1"
"Buenos Aires, Argentina","50400.0","132500.0","4","79930.4","0"
"New Mexico","119550.0","119550.0","1","119550.0","0"
"Covina, CA","160000.0","160000.0","2","160000.0","2"
"Maslak, Sarıyer/İstanbul, Türkiye","72000.0","72000.0","1","72000.0","0"
"Helsinki, Finland","121064.0","157500.0","3","145354.7","1"
"Santa Monica, CA","101603.0","265500.0","14","196185.2","6"
"U.S. Virgin Islands","82830.0","152174.5","2","117502.3","0"
"Springdale, SC","110000.0","110000.0","1","110000.0","0"
"Deerfield Beach, FL","96103.0","96103.0","1","96103.0","0"
"Redondo Beach, CA","115000.0","115000.0","1","115000.0","0"
"Galveston, TX","115000.0","115000.0","1","115000.0","1"
"San José Province, San José, Costa Rica","109500.0","109500.0","1","109500.0","0"
"Spring, TX","150000.0","150000.0","1","150000.0","0"
"Eden Prairie, MN","114550.0","162500.0","3","134350.0","2"
"Ho Chi Minh City, Vietnam","79200.0","200000.0","3","124266.7","1"
"Manhasset, NY","77599.9609375","77599.9609375","1","77600.0","0"
"Hamburg, Germany","56700.0","157500.0","4","121244.0","1"
"Concord, NC","75000.0","75000.0","1","75000.0","1"
"Mumbai, Maharashtra, India","79200.0","93600.0","3","84000.0","2"
"Cupertino, CA","147000.0","209500.0","8","174625.0","2"
"Homestead, FL","73639.0","84683.0","3","77320.3","0"
"Namibia","123500.0","123500.0","1","123500.0","1"
"Norwalk, CT","157500.0","157500.0","1","157500.0","0"
"Diamond Bar, CA","120828.0","123848.5","2","122338.3","0"
"Mandaluyong, Metro Manila, Philippines","50400.0","50400.0","2","50400.0","0"
"Armonk, NY","155979.234375","192894.03125","3","170945.4","2"
"Belfast, UK","157500.0","157500.0","2","157500.0","1"
"Dublin, OH","115000.0","143500.0","4","128250.0","3"
"Golden Valley, MN","100000.0","100000.0","1","100000.0","0"
"Amsterdam, Netherlands","89100.0","157500.0","11","134811.8","1"
"Hershey, PA","158500.0","158500.0","1","158500.0","0"
"Poland","47370.0","186928.0","12","125714.5","3"
"Nederland, CO","100000.0","100000.0","1","100000.0","1"
"Claymont, DE","170000.0","227500.0","5","200000.0","3"
"San Francisco, CA  (+1 other)","223000.0","270018.0","2","246509.0","1"
"Ballwin, MO","100000.0","100000.0","1","100000.0","0"
"Roodepoort, South Africa","81900.0","81900.0","1","81900.0","0"
"Silver Spring, MD","46696.0","168018.5","12","114972.2","2"
"Alexandria, VA","90000.0","160000.0","12","123252.8","1"
"Topeka, KS","99280.0","177500.0","7","133041.1","3"
"East Syracuse, NY","122500.0","122500.0","2","122500.0","0"
"Columbia, SC","37860.0","216500.0","5","100978.0","0"
"Lugano, Switzerland","131560.0","131560.0","1","131560.0","0"
"New York, NY   (+62 others)","113769.5","113769.5","1","113769.5","0"
"San Diego, CA","49750.0","250000.0","71","136080.5","11"
"Reigate, UK","89100.0","89100.0","1","89100.0","0"
"Oegstgeest, Netherlands","157500.0","157500.0","1","157500.0","0"
"Madison, IL","100000.0","100000.0","1","100000.0","0"
"John C. Stennis Space Center, MS","66000.0","115000.0","6","98004.2","0"
"Pasadena, CA","78000.0","170000.0","10","136633.3","2"
"Harrisonburg, VA","65000.0","211000.0","2","138000.0","0"
"New Albany, OH","142500.0","142500.0","1","142500.0","0"
"Annapolis, MD","95005.0","195500.0","6","142964.8","0"
"Napa, CA","135144.5","135144.5","1","135144.5","1"
"Astana, Kazakhstan","105650.0","105650.0","1","105650.0","1"
"Wilmington, DE","75000.0","225000.0","8","132075.0","1"
"Costa Mesa, CA","86300.0","200000.0","3","147600.0","0"
"Texas","72500.0","216000.0","23","134800.1","8"
"Orange, CA","90000.0","180000.0","2","135000.0","0"
"Emeryville, CA","122500.0","168000.0","4","142311.5","2"
"Lemont, IL","90000.0","90000.0","2","90000.0","0"
"Denver, CO","64800.0","277500.0","70","135154.8","13"
"Anywhere","30750.0","550000.0","1288","149444.0","335"
"Dallas, TX","62500.0","250000.0","58","143475.4","13"
"Malaysia","50400.0","50400.0","1","50400.0","0"
"Rio de Janeiro, State of Rio de Janeiro, Brazil","69962.5","69962.5","1","69962.5","0"
"Ohio City, OH","70000.0","100000.0","2","85000.0","0"
"Reston, VA","61650.0","375000.0","47","139222.9","7"
"Hurlburt Field, FL","46696.0","129000.0","3","88788.7","2"
"Santo Domingo, Dominican Republic","157500.0","157500.0","1","157500.0","1"
"Hyattsville, MD","150000.0","150000.0","1","150000.0","0"
"Toronto, SD","125000.0","125000.0","1","125000.0","0"
"Roseland, NJ","125000.0","125000.0","1","125000.0","1"
"Hapeville, GA","88791.0","88791.0","1","88791.0","0"
"Modesto, CA","60000.0","60000.0","1","60000.0","0"
"Severn, MD","128832.984375","128832.984375","1","128833.0","0"
"Thailand","50400.0","192000.0","7","108142.9","2"
"Mt Laurel Township, NJ","82500.0","99150.0","2","90825.0","1"
"Sunnyvale, CA","70000.0","265000.0","40","180743.4","14"
"Kenilworth, NJ","144000.0","144000.0","1","144000.0","0"
"Princeton, NJ","90000.0","170000.0","5","135500.0","1"
"Red Bank, NJ","115000.0","115000.0","1","115000.0","1"
"Edinburgh, UK","69962.5","130500.0","3","101920.8","1"
"Hemet, CA","100000.0","100000.0","1","100000.0","0"
"Laguna Hills, CA","150000.0","150000.0","1","150000.0","1"
"Washington, DC","53105.0","229782.0","166","128020.2","20"
"Roy, UT","66600.0","127000.0","14","101071.4","7"
"South Africa","170500.0","171121.0","3","170707.0","1"
"Las Vegas, NV","90000.0","175000.0","5","133000.0","1"
"Gland, Switzerland","69962.5","69962.5","1","69962.5","0"
"Dahlgren, VA","75000.0","119500.0","4","107250.0","0"
"Greensboro, NC","140998.0","140998.0","1","140998.0","0"
"Lancaster, NY","67500.0","67500.0","1","67500.0","0"
"Dayton, OH","90000.0","375000.0","13","161003.3","1"
"Downey, CA","175000.0","177820.0","2","176410.0","0"
"Willingboro, NJ","125000.0","125000.0","1","125000.0","0"
"West Logan, WV","99000.0","166075.0","6","126741.7","0"
"Tokyo, Japan","169413.0","169413.0","1","169413.0","0"
"Almaty, Kazakhstan","157500.0","157500.0","1","157500.0","1"
"Mt Rainier, MD","109500.0","123750.0","2","116625.0","0"
"Troy, MI","83320.859375","83320.859375","1","83320.9","0"
"Lagos, Nigeria","69962.5","69962.5","1","69962.5","0"
"Johns Creek, GA","85000.0","125000.0","2","105000.0","0"
"Bergen, Norway","153500.0","153500.0","1","153500.0","0"
"Newark, NJ","90000.0","198500.0","8","132598.8","3"
"Somerville, MA","90000.0","206000.0","3","160666.7","0"
"Deerfield, IL","150000.0","150000.0","1","150000.0","0"
"Sugar Land, TX","99250.0","99250.0","2","99250.0","0"
"Austin, TX  (+1 other)","119290.0","119290.0","1","119290.0","0"
"Brentwood, MD","150000.0","150000.0","1","150000.0","0"
"Chico, CA","80718.0","80718.0","2","80718.0","0"
"Brentford, SD","90000.0","90000.0","1","90000.0","1"
"Dublin, Ireland","53416.5","166419.5","7","133126.2","3"
"Harare, Zimbabwe","47500.0","90670.0","2","69085.0","0"
"Framingham, MA","155000.0","155000.0","1","155000.0","1"
"Little Chesterford, Saffron Walden, UK","166941.5","166941.5","1","166941.5","0"
"Moncks Corner, SC","108415.5","108415.5","1","108415.5","0"
"Plano, TX","75000.0","245000.0","20","135267.5","3"
"Keller, TX","131890.0","131890.0","1","131890.0","1"
"Lexington, SC","90000.0","125000.0","3","101666.7","1"
"Kechi, KS","155000.0","155000.0","1","155000.0","0"
"Flushing, NY","125000.0","125000.0","1","125000.0","0"
"Daly City, CA","110000.0","202500.0","3","154276.3","2"
"Westerville, OH","90000.0","90000.0","1","90000.0","0"
"Chevy Chase, MD","90000.0","152000.0","4","131750.0","4"
"Aurora, CO","99000.0","144435.234375","12","120248.8","0"
"Mexico, MO","90000.0","90000.0","1","90000.0","0"
"Reutlingen, Germany","56700.0","157500.0","3","123900.0","0"
"Cambridge, MA","80000.0","200000.0","19","133753.1","5"
"Glendale, CA","125000.0","160000.0","5","151000.0","3"
"Lincoln, NE","108000.0","116393.0","3","112214.3","0"
"Perrysburg, OH","100000.0","100000.0","1","100000.0","0"
"Colorado Springs, CO","87500.0","175000.0","28","114701.7","0"
"Herzliya, Israel","157500.0","157500.0","1","157500.0","1"
"St Paul, MN","74781.0","216500.0","8","135444.1","0"
"Coronado, CA","107937.0","128349.5","2","118143.3","0"
"Waller, TX","102500.0","102500.0","1","102500.0","0"
"Torrance, CA","114500.0","125000.0","7","121142.9","0"
"Southlake, TX","80000.0","80000.0","1","80000.0","0"
"Richardson, TX","80000.0","125000.0","4","109675.4","1"
"Vancouver, BC, Canada","90000.0","200000.0","9","147500.0","8"
"Newnan, GA","70000.0","80000.0","2","75000.0","0"
"Edgewater, NJ","115000.0","115000.0","1","115000.0","0"
"Thornton, CO","70000.0","70000.0","1","70000.0","0"
"North Miami Beach, FL","60000.0","140062.5","2","100031.3","1"
"Issy-les-Moulineaux, France","56700.0","56700.0","1","56700.0","0"
"Milpitas, CA","116950.0","116950.0","1","116950.0","0"
"Aveiro, Portugal","109500.0","132500.0","2","121000.0","0"
"Manassas, VA","109500.0","109500.0","1","109500.0","0"
"Englewood, CO","79900.0","153500.0","12","125050.0","5"
"Littleton, CO","100000.0","150000.0","7","119285.7","2"
"McRae-Helena, GA","101014.0","101014.0","1","101014.0","0"
"Terneuzen, Netherlands","95200.0","95200.0","1","95200.0","0"
"Guaynabo, Puerto Rico","375000.0","375000.0","1","375000.0","1"
"Norwell, MA","90000.0","90000.0","1","90000.0","0"
"Boca Raton, FL","60000.0","129326.0","6","99054.3","1"
"Lake Buena Vista, FL","100000.0","135000.0","2","117500.0","0"
"Prague, Czechia","89100.0","157500.0","4","140400.0","2"
"North Palm Beach, FL","90000.0","175000.0","4","111250.0","0"
"SOUTHERN MD FACILITY, MD","109500.0","109500.0","1","109500.0","0"
"Stockholm, Sweden","81000.0","192000.0","6","144666.7","2"
"Virginia, MN","125000.0","125000.0","1","125000.0","0"
"Homer City, PA","90000.0","90000.0","1","90000.0","1"
"Riverside, CA","82500.0","240000.0","3","154283.3","0"
"Frankfort, KY","161500.0","161500.0","1","161500.0","0"
"Brno, Czechia","157500.0","157500.0","1","157500.0","1"
"Porto, Portugal","56700.0","157500.0","11","120507.5","5"
"Palmdale, CA","191000.0","191000.0","1","191000.0","0"
"Mexico City, CDMX, Mexico","63000.0","173000.0","19","126795.7","8"
"Jacksonville, NC","98529.578125","98529.578125","1","98529.6","0"
"Arlington, VA","78592.0","210389.5","92","127458.7","19"
"South San Francisco, CA","87500.0","309152.0","22","171938.2","9"
"Hondo, TX","133340.0","133340.0","1","133340.0","0"
"St. Petersburg, FL","46696.0","149946.5","2","98321.3","1"
"South Kingstown, RI","135144.5","135144.5","1","135144.5","1"
"Mossville, IL","125000.0","125000.0","1","125000.0","1"
"Le Plessis-Robinson, France","147500.0","147500.0","1","147500.0","0"
"Franklin Township, NJ","141000.0","141000.0","2","141000.0","2"
"Bloomington, IL","70000.0","118080.0","2","94040.0","0"
"Toulouse, France","63321.5","63321.5","1","63321.5","0"
"Kyiv, Ukraine","56700.0","157500.0","3","115131.0","0"
"Vilnius, Vilnius City Municipality, Lithuania","157500.0","157500.0","1","157500.0","0"
"Prince George, VA","86300.0","86300.0","1","86300.0","0"
"Tallinn, Estonia","64821.5","157500.0","3","110607.2","0"
"Valhalla, NY","100025.0","100025.0","1","100025.0","1"
"Maine, ME","70000.0","70000.0","1","70000.0","0"
"Pasig, Metro Manila, Philippines","50400.0","64800.0","2","57600.0","0"
"Midland, TX","135144.5","220000.0","2","177572.3","1"
"Apple Valley, CA","97500.0","97500.0","1","97500.0","0"
"Dulles, VA","128050.0","128050.0","1","128050.0","1"
"Tucker, GA","90000.0","128050.0","2","109025.0","1"
"Delray Beach, FL","152669.0","159500.0","2","156084.5","2"
"Croatia","157500.0","157500.0","1","157500.0","0"
"Atlanta, GA","55000.0","375000.0","157","139304.5","34"
"Costa Rica","120464.0","120464.0","1","120464.0","0"
"Kampala, Uganda","84200.0","84200.0","1","84200.0","0"
"Tobyhanna, PA","111329.5","111329.5","1","111329.5","0"
"Sterling, VA","75000.0","200500.0","8","131512.5","3"
"Grand Junction, CO","84692.0","95326.0","2","90009.0","0"
"Moline, IL","133850.5","133850.5","1","133850.5","0"
"Newark, CA","154500.0","182000.0","4","173500.0","2"
"El Paso, TX","85310.0","85310.0","1","85310.0","0"
"Noida, Uttar Pradesh, India","79200.0","157500.0","4","120476.3","1"
"Nashville, TN","79000.0","185000.0","6","140583.3","0"
"Ibadan, Nigeria","166419.5","166419.5","1","166419.5","0"
"Frederick, MD","97000.0","97000.0","1","97000.0","0"
"Bristol, TN","135144.5","135144.5","1","135144.5","1"
"Eindhoven, Netherlands","72900.0","105300.0","2","89100.0","1"
"New City, NY","350000.0","350000.0","1","350000.0","0"
"Wallops Island, VA","120631.0","201685.0","4","150837.8","0"
"Houston, TX","65000.0","281450.5","81","128877.5","14"
"Johannesburg, South Africa","44100.0","157500.0","13","90219.1","0"
"Kansas","127500.0","175500.0","6","151500.0","0"
"New York","70000.0","190000.0","4","123750.0","2"
"Chamblee, GA","128050.0","128050.0","1","128050.0","1"
"Victoria, TX","125000.0","125000.0","1","125000.0","0"
"San Mateo, CA   (+2 others)","152500.0","152500.0","1","152500.0","0"
"Liberty, NC","125000.0","375000.0","2","250000.0","0"
"Santa Clarita, CA","130000.0","160000.0","3","150000.0","2"
"Cluj-Napoca, Romania","56700.0","132500.0","3","90016.7","0"
"Venado Tuerto, Santa Fe Province, Argentina","70000.0","70000.0","1","70000.0","0"
"Augusta, GA","112500.0","157500.0","3","140000.0","0"
"Lexington, MA","115000.0","158025.0","4","130006.3","2"
"Immenstadt, Germany","56700.0","56700.0","1","56700.0","0"
"San Bruno, CA","128000.0","254000.0","15","171029.4","5"
"United States  (+1 other)","97227.0","97227.0","1","97227.0","0"
"Manila, AR","65000.0","65000.0","1","65000.0","0"
"District Heights, MD","116250.0","116250.0","1","116250.0","0"
"Danvers, MA","100000.0","126000.0","3","117000.0","2"
"Dearborn, MI","90000.0","90000.0","3","90000.0","0"
"Grand Prairie, TX","125000.0","125000.0","1","125000.0","1"
"Pala, CA","100000.0","100000.0","1","100000.0","0"
"Quantico, VA","120259.0","187500.0","4","161314.8","1"
"Cité Mahrajène, Tunisia","36000.0","36000.0","1","36000.0","0"
"Weatherby Lake, MO","115000.0","115000.0","1","115000.0","0"
"Fort Stewart, GA","138750.0","138750.0","1","138750.0","1"
"Louisiana, MO","90000.0","90000.0","1","90000.0","0"
"Fremont, CA","85000.0","350000.0","17","160882.4","4"
"Rabat, Morocco","164000.0","164000.0","1","164000.0","0"
"Hicksville, NY","128500.0","134000.0","3","132166.7","2"
"Droitwich Spa, Droitwich, UK","69962.5","69962.5","1","69962.5","0"
"McKinney, TX","162623.5","175000.0","3","170874.5","2"
"Jaipur, Rajasthan, India","157500.0","157500.0","1","157500.0","0"
"Grand Rapids, MI","85000.0","99032.71875","3","91344.2","0"
"Villa Park, IL","90000.0","90000.0","1","90000.0","0"
"Maryland","94199.0","176500.0","20","124857.4","1"
"Murray, KY","75000.0","75000.0","1","75000.0","0"
"Westwood, MA","120080.0","145500.0","2","132790.0","1"
"La Jolla, CA","80025.0","91250.0","2","85637.5","0"
"Cincinnati, OH","90000.0","200000.0","9","136722.2","2"
"Bladensburg, MD","123750.0","123750.0","1","123750.0","0"
"Dunwoody, GA","110000.0","115000.0","2","112500.0","0"
"Newport Beach, CA","125000.0","125000.0","1","125000.0","0"
"Montgomery, AL","134000.0","134000.0","1","134000.0","0"
"Roswell, GA","62500.0","90000.0","2","76250.0","0"
"Salem, OR","125000.0","174620.0","2","149810.0","0"
"Luxembourg","132500.0","157500.0","3","149166.7","0"
"Bernards, NJ","150000.0","150000.0","2","150000.0","1"
"Berlin, Germany","56700.0","192000.0","19","144047.9","10"
"Copenhagen, Denmark","56700.0","80850.0","2","68775.0","0"
"Aliso Viejo, CA","125000.0","157500.0","3","143000.0","1"
"Baton Rouge, LA","96500.0","161500.0","4","132625.0","2"
"Burlington, VT","78010.0","78010.0","1","78010.0","0"
"Plainsboro Township, NJ","111355.921875","111355.921875","1","111355.9","0"
"Plymouth, MA","125000.0","125000.0","1","125000.0","0"
"Burlingame, CA","90000.0","277500.0","4","191125.0","0"
"Fort Collins, CO","90000.0","124500.0","3","105666.7","1"
"Accokeek, MD","145000.0","145000.0","1","145000.0","0"
"Mississauga, ON, Canada","122500.0","175000.0","2","148750.0","0"
"Harrison, NJ","99486.0","99486.0","1","99486.0","0"
"Pune, Maharashtra, India","70000.0","157500.0","8","116300.0","2"
"Melbourne VIC, Australia","157500.0","157500.0","3","157500.0","3"
"Novato, CA","130000.0","172500.0","3","153333.3","2"
"Ogden, UT","57181.0","57181.0","1","57181.0","0"
"Boise, ID","92500.0","190000.0","5","158399.0","0"
"Hayward, CA","125500.0","125500.0","2","125500.0","0"
"Wichita, KS","113221.0","130000.0","2","121610.5","0"
"Sugar Grove, IL","152174.5","152174.5","1","152174.5","0"
"Chile","121000.0","163875.0","2","142437.5","0"
"Peachtree Corners, GA","136000.0","136000.0","2","136000.0","2"
"Reno, NV","113000.0","180000.0","3","157666.7","1"
"Hull, UK","33488.5","113221.0","2","73354.8","0"
"Rennes, France","89100.0","89100.0","1","89100.0","0"
"South Jordan, UT","90000.0","90000.0","1","90000.0","0"
"New Orleans, LA","58500.0","128050.0","3","104866.7","2"
"Menlo Park, CA","90000.0","463500.0","59","210672.2","9"
"Lakewood, CA","88791.0","88791.0","1","88791.0","0"
"Illinois","124000.0","124000.0","1","124000.0","0"
"Kennett Square, PA","114000.0","114000.0","1","114000.0","0"
"Peoria, IL","125000.0","125000.0","4","125000.0","3"
"Foster City, MI","150000.0","150000.0","1","150000.0","1"
"Lone Tree, CO","101348.0","115000.0","2","108174.0","0"
"Oakton, VA","116700.0","116700.0","1","116700.0","1"
"Winchester, VA","124400.0","143000.0","8","135331.3","0"
"Tel Aviv-Yafo, Israel","64821.5","192000.0","25","134502.1","6"
"Portland, ME","106150.0","106150.0","1","106150.0","0"
"Summit, NJ","112500.0","112500.0","1","112500.0","0"
"Doral, FL","145000.0","145000.0","1","145000.0","0"
"Temecula, CA","75000.0","75000.0","1","75000.0","0"
"McCamey, TX","79019.0","79019.0","1","79019.0","0"
"Dania Beach, FL","100000.0","140062.5","2","120031.3","0"
"Pilsen, Czechia","90670.0","90670.0","1","90670.0","0"
"Mesquite, TX","116600.0","116600.0","1","116600.0","1"
"Mt Pleasant Township, PA","90000.0","220832.0","5","145124.7","1"
"Pretoria, South Africa","890000.0","890000.0","1","890000.0","1"
"Makati, Metro Manila, Philippines","72000.0","109500.0","3","86900.0","1"
"Munich, Germany","80850.0","157500.0","9","120183.3","4"
"Birmingham, AL","81500.0","115000.0","6","98628.3","0"
"Carlsbad, CA","50000.0","150000.0","8","117064.4","1"
"McLean, VA","75000.0","218000.0","51","130235.7","4"
"Reading, PA","130000.0","166500.0","3","149558.2","0"
"Chandler, AZ","125000.0","222000.0","3","167500.0","2"
"Sacramento, CA","161500.0","178000.0","3","171016.7","0"
"Wasquehal, France","89100.0","89100.0","1","89100.0","1"
"Roseland, NE","108415.5","125000.0","3","119471.8","0"
"Puerto Rico","98496.0","98496.0","1","98496.0","0"
"Waltham, MA","95000.0","175000.0","9","135888.9","2"
"Florida City, FL","70000.0","80000.0","2","75000.0","0"
"North Carolina","70000.0","142397.0","3","101215.7","0"
"Newark, OH","90000.0","90000.0","1","90000.0","0"
"Palm Beach Gardens, FL","115000.0","115000.0","1","115000.0","0"
"Kusterdingen, Germany","56700.0","89100.0","3","67500.0","0"
"Cherry Hill, NJ","85000.0","125320.0","2","105160.0","0"
"Brookfield, WI","108415.5","108415.5","1","108415.5","0"
"Elkridge, MD","119257.0","119257.0","1","119257.0","0"
"Bulgaria","157500.0","170500.0","2","164000.0","1"
"White Plains, NY","125000.0","125000.0","2","125000.0","0"
"Columbus, IN","90000.0","90000.0","1","90000.0","1"
"Ahmedabad, Gujarat, India","87307.5","87307.5","1","87307.5","0"
"Braga, Portugal","69962.5","131560.0","3","103674.2","0"
"Burnsville, NC","167500.0","167500.0","1","167500.0","0"
"Valencia, Spain","72900.0","72900.0","1","72900.0","0"
"Philadelphia, PA","55000.0","281450.5","24","122502.4","2"
"Jackson, TN","90000.0","140882.5","2","115441.3","1"
"Alabama","118807.5","118807.5","1","118807.5","0"
"Tampere, Finland","80850.0","80850.0","1","80850.0","0"
"McGuire AFB, NJ","115000.0","115000.0","1","115000.0","0"
"Brookhaven, GA","115000.0","115000.0","1","115000.0","0"
"Paris, France","53014.0","166419.5","40","105794.0","7"
"Montclair, NJ","100000.0","100000.0","1","100000.0","1"
"Nea Smyrni, Greece","88128.0","200000.0","3","126266.0","1"
"Indiana","70000.0","70000.0","1","70000.0","0"
"Calgary, AB, Canada","63000.0","125000.0","7","93757.1","3"
"Manhattan, KS","150000.0","150000.0","1","150000.0","1"
"Guelph, ON, Canada","125000.0","125000.0","1","125000.0","0"
"Fairborn, OH","90000.0","90000.0","1","90000.0","0"
"Frisco, TX","80000.0","227500.0","10","164680.0","3"
"Knoxville, TN","72500.0","125000.0","2","98750.0","0"
"Mt Vernon, AL","141500.0","141500.0","1","141500.0","0"
"Meyrin, Switzerland","157500.0","157500.0","1","157500.0","0"
"Heredia Province, Heredia, Costa Rica","63000.0","157500.0","6","105201.7","0"
"Oakbrook Terrace, IL","105000.0","105000.0","1","105000.0","0"
"Rockville, MD","69118.1484375","128419.5","9","103319.8","2"
"Erlangen, Germany","224500.0","224500.0","1","224500.0","1"
"Towson, MD","90000.0","90000.0","1","90000.0","0"
"Seville, Spain","88128.0","88128.0","2","88128.0","0"
"Gdańsk, Poland","89100.0","89100.0","2","89100.0","2"
"Elk Grove, CA","145513.453125","145513.453125","1","145513.5","0"
"Los Gatos, CA","90000.0","450000.0","3","246666.7","0"
"Linden, NJ","117500.0","117500.0","1","117500.0","0"
"Bethesda, MD","87500.0","173000.0","18","118355.6","4"
"Carnegie, PA","110941.5","133500.0","2","122220.8","0"
"Düsseldorf, Germany","69962.5","69962.5","1","69962.5","0"
"Marietta, GA","95000.0","95000.0","2","95000.0","0"
"Philippines","64800.0","164000.0","4","116798.9","1"
"San Bernardino, CA","56500.0","56500.0","1","56500.0","0"
"Basel, Switzerland","89100.0","166419.5","4","133520.9","0"
"Fort Lauderdale, FL","67500.0","200000.0","7","103528.6","5"
"Marshall, VA","109500.0","109500.0","1","109500.0","0"
"Santa Fe, NM","60000.0","192000.0","4","123375.0","1"
"Drancy, France","56700.0","56700.0","1","56700.0","0"
"Sunrise, FL","82830.0","82830.0","1","82830.0","0"
"Karlsruhe, Germany","56700.0","56700.0","2","56700.0","0"
"Rochester, NY","101116.0","101116.0","1","101116.0","0"
"Košice, Slovakia","157500.0","157500.0","1","157500.0","0"
"Mainz, Germany","56700.0","56700.0","1","56700.0","0"
"Amarillo, TX","115000.0","115000.0","2","115000.0","2"
"Brentwood, CA","125000.0","125000.0","1","125000.0","0"
"Mason, OH","125000.0","125000.0","1","125000.0","1"
"London, UK","51068.0","192000.0","68","116871.5","23"
"Lexington Park, MD","135000.0","145500.0","2","140250.0","0"
"Chennai, Tamil Nadu, India","64800.0","157500.0","9","111362.0","3"
"Commerce, CA","206500.0","206500.0","2","206500.0","0"
"Vallejo, CA","75000.0","75000.0","1","75000.0","0"
"Fishers, IN","90000.0","90000.0","1","90000.0","0"
"Oak Brook, IL","104550.0","146500.0","3","119183.3","1"
"Seattle, WA","192375.0","192375.0","1","192375.0","0"
"Santa Barbara, CA","70000.0","165000.0","3","116666.7","1"
"Orlando, FL","65000.0","225000.0","14","116579.6","5"
"Cairo, Egypt","79200.0","157500.0","5","104387.5","3"
"Avenel, NJ","80000.0","80000.0","1","80000.0","0"
"Weston, FL","165000.0","165000.0","1","165000.0","0"
"Highlands Ranch, CO","157500.0","157500.0","1","157500.0","0"
"Shaw AFB, SC","115000.0","119500.0","3","118000.0","0"
"Warminster, PA","110000.0","110000.0","1","110000.0","0"
"Oakland, CA","79840.0","272500.0","17","151559.9","3"
"Palo Alto, CA","100000.0","300000.0","38","180636.4","11"
"São Paulo, State of São Paulo, Brazil","64821.5","196000.0","6","137050.8","1"
"Walnut Creek, CA","70000.0","212500.0","2","141250.0","0"
"Oxon Hill, MD","123750.0","123750.0","1","123750.0","0"
"Trenton, NJ","125000.0","140062.5","2","132531.3","0"
"British Columbia, Canada","82908.0","82908.0","1","82908.0","0"
"Alpharetta, GA","90000.0","216500.0","17","135282.0","5"
"Bellevue, NE","95553.375","95553.375","1","95553.4","0"
"Ohio","162500.0","162500.0","1","162500.0","0"
"Kefar Sava, Israel","50400.0","50400.0","1","50400.0","0"
"Minnesota","126000.0","126000.0","1","126000.0","0"
"Egypt","70000.0","70000.0","1","70000.0","0"
"Chantilly, VA","70800.0","207500.0","33","134656.3","7"
"Annandale, VA","84800.0","84800.0","1","84800.0","0"
"Ladera Ranch, CA","175000.0","175000.0","1","175000.0","0"
"Norway","64821.5","98500.0","3","86173.8","0"
"Suitland-Silver Hill, MD","90000.0","170000.0","6","135833.3","0"
"Madison, WI","75000.0","157500.0","4","124375.0","0"
"Rutland, VT","87600.0","87600.0","1","87600.0","0"
"Brooklyn, NY","142000.0","150000.0","3","144666.7","1"
"Springfield, MO","100000.0","177885.5","4","134507.5","2"
"Fort Walton Beach, FL","67500.0","67500.0","1","67500.0","0"
"Idaho Falls, ID","155500.0","155500.0","1","155500.0","0"
"Canoga Park, CA","98000.0","98000.0","1","98000.0","0"
"Ithaca, NY","125000.0","125000.0","1","125000.0","1"
"Washington, PA","99900.0","119257.0","2","109578.5","0"
"Woodbridge Township, NJ","90000.0","90000.0","1","90000.0","1"
"Triangle, VA","187500.0","187500.0","1","187500.0","1"
"Newport, OR","86962.0","86962.0","1","86962.0","0"
"Nebraska","112500.0","112500.0","1","112500.0","0"
"Ankara, Türkiye","88128.0","88128.0","2","88128.0","1"
"Mississippi","69107.0","69107.0","1","69107.0","0"
"Brisbane, CA","182543.5","199000.0","2","190771.8","1"
"Beverly Hills, CA","135000.0","180000.0","3","155000.0","1"
"München-Flughafen, Germany","157500.0","157500.0","1","157500.0","0"
"Kansas City, MO","90000.0","149946.5","5","112189.3","0"
"West Warwick, RI","105800.0","105800.0","1","105800.0","0"
"Arizona City, AZ","115000.0","115000.0","1","115000.0","0"
"Jeffersontown, KY","195000.0","195000.0","1","195000.0","1"
"West Sacramento, CA","99150.0","116950.0","3","108969.7","0"
"Viana do Castelo, Portugal","157500.0","157500.0","1","157500.0","0"
"Hartford, CT","95700.0","218500.0","22","162534.7","6"
"Mt Prospect, IL","63000.0","63000.0","1","63000.0","0"
"Denison, TX","90000.0","90000.0","1","90000.0","0"
"Florahome, FL","119257.0","119257.0","1","119257.0","0"
"College Park, GA","138328.0","138328.0","1","138328.0","0"
"Springfield, VA  (+1 other)","108133.0","161732.0","2","134932.5","0"
"Lithuania","155000.0","155000.0","1","155000.0","0"
"Bioggio, Switzerland","70000.0","70000.0","1","70000.0","0"
"DHS, VA","90000.0","162623.5","5","129624.7","0"
"Annapolis Junction, MD","87705.0","191000.0","20","119239.7","0"
"San Marcos, CA","115000.0","115000.0","1","115000.0","1"
"College Park, MD","109500.0","149946.5","2","129723.3","0"
"California, MD","151782.0","162623.5","2","157202.8","0"
"Sweden","170500.0","170500.0","1","170500.0","1"
"Myrtle Beach, SC","100000.0","149946.5","2","124973.3","0"
"Draper, UT","150000.0","200000.0","3","175000.0","1"
"Homestead, PA","90000.0","90000.0","1","90000.0","0"
"King of Prussia, PA","225000.0","225000.0","2","225000.0","0"
"Vienna, Austria","80850.0","80850.0","1","80850.0","1"
"Miami Beach, FL","87500.0","87500.0","1","87500.0","1"
"Long Island City, NY","125000.0","125000.0","1","125000.0","0"
"Campinas, State of São Paulo, Brazil","79200.0","79200.0","1","79200.0","0"
"St. Louis, MI","142500.0","155000.0","2","148750.0","0"
"Australia","132500.0","157500.0","2","145000.0","0"
"Scottsdale, AZ","90000.0","196000.0","17","129558.8","6"
"Lubbock, TX","100000.0","149946.5","3","130501.7","1"
"Zaventem, Belgium","157500.0","157500.0","1","157500.0","0"
"Riverdale, GA","128050.0","128050.0","1","128050.0","1"
"Conway, AR","90000.0","90000.0","1","90000.0","1"
"Berlin, MD","90000.0","90000.0","1","90000.0","0"
"Ashburn, VA","115000.0","152221.5","4","142360.8","1"
"United Kingdom","31500.0","170575.0","19","108951.1","5"
"Santa Ana, CA","97500.0","97500.0","1","97500.0","0"
"Altoona, PA","100000.0","100000.0","1","100000.0","0"
"Linthicum Heights, MD","119257.0","175000.0","3","153085.7","0"
"Lansing, MI","63977.0","161500.0","2","112738.5","0"
"Albuquerque, NM","69107.0","152700.0","13","113410.2","0"
"Newtown Square, PA","120000.0","155000.0","2","137500.0","1"
"Pennsylvania","81810.0","151950.0","3","119586.7","0"
"Morris Plains, NJ","150000.0","350000.0","2","250000.0","1"
"Elkhart, IN","92500.0","92500.0","1","92500.0","0"
"Durban, South Africa","149946.5","149946.5","1","149946.5","0"
"Mexico","63000.0","157500.0","3","106550.0","0"
"Brentford, UK","89100.0","89100.0","1","89100.0","1"
"West Virginia","30000.0","109500.0","3","56500.0","0"
"Columbia, MD","63000.0","191000.0","23","144907.6","4"
"San Pablo, CA","110000.0","110000.0","1","110000.0","0"
"Madrid, Spain","56700.0","170575.0","9","107527.2","3"
"Laramie, WY","58818.5","58818.5","1","58818.5","0"
"Carrollton, TX","90000.0","90000.0","2","90000.0","0"
"South Houston, TX","110000.0","110000.0","1","110000.0","0"
"Hollywood, FL","90000.0","90000.0","1","90000.0","0"
"Chapel Hill, NC","52000.0","102500.0","3","85666.7","0"
"East Hanover, NJ","171000.0","171000.0","1","171000.0","0"
"Oklahoma","200000.0","200000.0","1","200000.0","0"
"Oldsmar, FL","100000.0","117500.0","3","106943.3","1"
"Sterling, OH","108415.5","108415.5","1","108415.5","0"
"Long Beach, CA","115000.0","115000.0","1","115000.0","0"
"Bloomington, IN","75000.0","119792.5","3","97762.8","0"
"Bridgeton, MO","135144.5","135144.5","1","135144.5","1"
"Bucharest, Romania","121000.0","147500.0","2","134250.0","0"
"Woodbridge, VA","84800.0","84800.0","1","84800.0","0"
"Cleveland, OH","114871.5","125000.0","5","117414.3","0"
"Brisbane QLD, Australia","137500.0","137500.0","1","137500.0","0"
"Pittsburgh, PA","40567.6171875","221000.0","33","108680.9","3"
"Germantown, TN","103128.0","103128.0","1","103128.0","0"
"Des Plaines, IL","115000.0","189000.0","5","150789.3","0"
"Wright-Patterson AFB, OH","71533.0","141951.5","2","106742.3","0"
"Hazelwood, MO","100000.0","160500.0","4","136125.0","1"
"Petah Tikva, Israel","157500.0","157500.0","1","157500.0","0"
"Jacksonville, FL","54207.5","205000.0","18","132817.7","3"
"Ireland","89100.0","89100.0","1","89100.0","0"
"Singapore","50400.0","183320.0","25","128542.4","4"
"Kuala Lumpur, Federal Territory of Kuala Lumpur, Malaysia","79200.0","79200.0","1","79200.0","0"
"Centurion, South Africa","109500.0","109500.0","1","109500.0","0"
"Los Angeles, CA   (+2 others)","185000.0","185000.0","1","185000.0","0"
"Denver, NC","240000.0","240000.0","1","240000.0","0"
"Allen, TX","65000.0","65000.0","1","65000.0","0"
"Burnsville, MN","120531.0","120531.0","1","120531.0","0"
"Ellicott City, MD","90000.0","90000.0","1","90000.0","0"
"Romeoville, IL","100110.0","100110.0","1","100110.0","0"
"Agoura Hills, CA","152500.0","155000.0","3","153333.3","3"
"Sun Prairie, WI","150000.0","150000.0","1","150000.0","0"
"Szeged, Hungary","157500.0","157500.0","1","157500.0","1"
"Gordon, GA","108415.5","127256.0625","3","120223.9","0"
"Vienna, VA","115750.0","157500.0","13","140355.4","0"
"Worcester, MA","125000.0","125000.0","1","125000.0","0"
"Florham Park, NJ","123064.0","157500.0","2","140282.0","0"
"Minneapolis, MN","37107.19921875","176273.5","29","106964.8","8"
"Cardiff, UK","88128.0","88128.0","1","88128.0","0"
"Belgrade, Serbia","89100.0","109500.0","3","95900.0","1"
"Nantucket, MA","135144.5","135144.5","1","135144.5","1"
"Jersey City, NJ","55000.0","236040.0","23","123322.9","3"
"Dubai - United Arab Emirates","64800.0","166419.5","4","95604.9","3"
"Athens, Greece","51068.0","171121.0","12","94790.3","4"
"Blooming Grove, NY","102500.0","102500.0","1","102500.0","0"
"Fort Smith, AR","135144.5","135144.5","1","135144.5","1"
"Sydney NSW, Australia","81000.0","170575.0","4","141643.8","2"
"Holmdel, NJ","147787.5","200000.0","4","174180.0","2"
"Camden, NJ","82473.0","100000.0","2","91236.5","1"
"New Cairo City, Egypt","90670.0","90670.0","1","90670.0","0"
"Jackson, MS","119175.0","186000.0","4","160056.3","1"
"Centreville, VA","112250.0","150000.0","3","126316.7","1"
"Brazil","63000.0","171121.0","8","98986.4","3"
"Riverdale Park, MD","109500.0","145000.0","3","121333.3","0"
"Tirana, Albania","70000.0","70000.0","1","70000.0","0"
"Fontana, CA","97500.0","97500.0","1","97500.0","0"
"Atlantic City, NJ","108281.0","108281.0","1","108281.0","0"
"Gloucester, MA","69107.0","69107.0","1","69107.0","0"
"Ontario, CA","90000.0","119257.0","2","104628.5","1"
"Toluca, State of Mexico, Mexico","99150.0","157500.0","2","128325.0","0"
"Grenoble, France","56700.0","157500.0","2","107100.0","0"
"Zagreb, Croatia","88128.0","88128.0","1","88128.0","0"
"Fairfax, VA","92433.0","177500.0","15","117456.5","1"
"Riverwoods, IL","100000.0","120000.0","2","110000.0","0"
"Oslo, Norway","69962.5","157500.0","9","126361.7","0"
"Columbus, OH","69570.0","375000.0","21","132211.9","3"
"Balmorhea, TX","50000.0","50000.0","1","50000.0","0"
"Salem, MA","150000.0","150000.0","1","150000.0","1"
"San Juan, Puerto Rico","27000.0","115000.0","3","66372.7","0"
"Johnston, RI","95000.0","155000.0","6","132292.5","1"
"Raritan, NJ","155000.0","155000.0","3","155000.0","0"
"Fort Madison, IA","77500.0","77500.0","1","77500.0","0"
"Washington, VA","151782.0","151782.0","1","151782.0","1"
"Indiana, PA","113269.5","113269.5","1","113269.5","0"
"Lake Mary, FL","90000.0","200000.0","5","122600.0","0"
"Arizona","70234.0","199000.0","4","132356.9","0"
"Wilsonville, OR","90000.0","90000.0","1","90000.0","0"
"Iselin, NJ","130000.0","130000.0","2","130000.0","0"
"Itasca, IL","80230.0","143304.0","2","111767.0","0"
"Pompano Beach, FL","54000.0","54000.0","1","54000.0","0"
"San Leandro, CA","110000.0","110000.0","1","110000.0","0"
"Novi, MI","90000.0","90000.0","1","90000.0","0"
"Burbank, CA","90000.0","225000.0","6","164759.3","1"
"Norman, OK","65000.0","65000.0","1","65000.0","0"
"Östersund, Sweden","157500.0","157500.0","1","157500.0","0"
"Jonesboro, AR","65000.0","65000.0","1","65000.0","0"
"Sofia, Bulgaria","56700.0","147500.0","4","107780.3","1"
"Frankfurt, Germany","157500.0","192000.0","3","169000.0","2"
"Pleasanton, CA","123060.0","207500.0","11","152720.9","1"
"Edmonton, AB, Canada","69962.5","69962.5","1","69962.5","0"
"Duluth, GA","125000.0","125000.0","1","125000.0","0"
"Georgia","35000.0","170000.0","6","107481.5","0"
"Park Ridge, IL","60000.0","60000.0","1","60000.0","0"
"Bogotá, Bogota, Colombia","50400.0","170575.0","10","106985.0","2"
"Wylie, TX","88365.03125","128414.03125","2","108389.5","0"
"Rome, Metropolitan City of Rome Capital, Italy","92915.5","92915.5","1","92915.5","0"
"Piscataway, NJ","50000.0","97775.0","2","73887.5","0"
"Staten Island, NY","87809.8046875","87809.8046875","1","87809.8","0"
"Newport News, VA","92500.0","92500.0","1","92500.0","0"
"Newburgh, NY","135144.5","135144.5","1","135144.5","1"
"Home, PA","131650.0","131650.0","1","131650.0","1"
"Manchester, UK","157500.0","157500.0","1","157500.0","1"
"Fort Moore, GA","133850.5","133850.5","1","133850.5","0"
"Aldie, VA","99000.0","99000.0","1","99000.0","0"
"Mooresville, NC","97800.0","125000.0","3","114733.3","1"
"England, AR","97000.0","97000.0","1","97000.0","1"
"Warner Robins, GA","109500.0","109500.0","1","109500.0","0"
"Midrand, South Africa","44100.0","157500.0","2","100800.0","1"
"Phoenix, AZ","30594.0","225000.0","40","121757.0","6"
"North Decatur, GA","128050.0","128050.0","1","128050.0","1"
"San Francisco, CA","41500.0","425000.0","248","175464.6","67"
"Bayan Lepas, Penang, Malaysia","157500.0","157500.0","1","157500.0","0"
"Virginia Beach, VA","65000.0","199837.5","8","115300.0","1"
"Calabasas, CA","110000.0","110000.0","5","110000.0","0"
"Murphy, TX","122500.0","122500.0","1","122500.0","1"
"West Columbia, SC","57500.0","57500.0","1","57500.0","0"
"South Valley, NM","166500.0","166500.0","1","166500.0","1"
"Oklahoma City, OK","83793.0","141558.5","9","107999.2","0"
"Lausanne, Switzerland","86400.0","86400.0","1","86400.0","1"
"Waldorf, MD","116250.0","116250.0","1","116250.0","0"
"Fort Mill, SC","135144.5","150000.0","2","142572.3","1"
"Centennial, CO","182500.0","182500.0","1","182500.0","1"
"Clearwater, FL","91509.6015625","150000.0","3","123836.5","2"
"Adelphi, OH","115000.0","115000.0","1","115000.0","0"
"Milwaukee, WI","90000.0","165000.0","6","115866.7","1"
"Ellenwood, GA","112450.0","112450.0","1","112450.0","1"
"Oulu, Finland","109500.0","109500.0","1","109500.0","0"
"Plantation, FL","90000.0","90000.0","3","90000.0","1"
"Netherlands","170500.0","170575.0","2","170537.5","0"
"Spain","57600.0","211475.0","6","115920.8","1"
"Springfield, VA","75900.0","182000.0","31","125522.5","1"
"Champaign, IL","100000.0","125000.0","2","112500.0","1"
"Kissimmee, FL","90000.0","90000.0","1","90000.0","0"
"Kennesaw, GA","90000.0","90000.0","1","90000.0","1"
"The Hague, Netherlands","157500.0","157500.0","1","157500.0","1"
"Parsippany-Troy Hills, NJ","115000.0","115000.0","1","115000.0","0"
"House Springs, MO","200000.0","200000.0","1","200000.0","0"
"San Mateo, CA","109500.0","350000.0","39","223757.5","20"
"Vietnam","50400.0","70000.0","4","60200.0","0"
"Warren, NJ","125000.0","160000.0","4","141250.0","0"
"Redstone Arsenal, AL","90000.0","203530.078125","5","126201.8","0"
"Barksdale AFB, LA","140882.5","140882.5","1","140882.5","0"
"Albany, OR","97000.0","97000.0","2","97000.0","0"
"Charlottesville, VA","87705.0","150000.0","8","115713.1","2"
"George Town, Penang, Malaysia","163525.0","163525.0","1","163525.0","0"
"Manila, Metro Manila, Philippines","79200.0","109500.0","3","89300.0","0"
